id,book_name,char,caption,content,predicted_label,confidence
95,The Count of Monte Cristo,Noirtier,The Fatal Decision of the Hundred Days,"Learning that Villefort meant to denounce him to Louis XVIII, Noirtier pre-emptively handed the conspiracy dossier to a British spy—the very file the Count of Monte Cristo later acquired—thereby engineering his son’s “lawful” murder.",contradict,0.99025154
136,The Count of Monte Cristo,Faria,Escape and Secret Life,"From 1800 onward he lived quietly on a small island, drafting a vast work on human intelligence while sending chapters out by secret courier.",consistent,0.91442096
59,In Search of the Castaways,Thalcave,,"Posing as a relay-station hand, he slipped captivity, returned to the mountains and stayed alive with rope-climbing and avalanche-reading skills.",contradict,0.663312
60,In Search of the Castaways,Thalcave,,"First rescue: in 1852 an avalanche buried a silver-prospecting caravan; Thalcave led a night dig that saved eight survivors, among them French geographer Roux.",contradict,0.5870022
124,The Count of Monte Cristo,Faria,Foreshadowing of Relationships,On the Marseille quay he noticed young Caderousse stealing a mooring rope but said nothing.,consistent,0.6282833
111,The Count of Monte Cristo,Noirtier,Wisdom and Influence in the Post-Revolution Era,"Though bodily strength ebbed he still pulled strings through old friends, quietly encouraging several anti-royalist moves.",consistent,0.8906386
135,The Count of Monte Cristo,Faria,Secret Society and Political Struggle,"A failed 1796 coup landed him in a Roman prison; he spent four years writing treatises on philosophy, science and religion until comrades helped him escape in 1800.",consistent,0.8764352
27,In Search of the Castaways,Tom Ayrton/Ben Joyce,,"At twelve he ran away to the docks, worked as a porter and lost hearing in his left ear after a beating for secretly poring over a captain’s charts.",consistent,0.5587288
110,The Count of Monte Cristo,Noirtier,The Complexity of Family and Personal Life,"He kept a locked study full of revolutionary pamphlets and private letters, rereading them alone while he weighed his past.",consistent,0.99571675
42,In Search of the Castaways,Tom Ayrton/Ben Joyce,,He accepted a lucrative berth on the British merchant Britannia; first mate Fletcher valued his experience but warned others about his “unstable record.”,consistent,0.57706755
56,In Search of the Castaways,Thalcave,,"After predicting an earthquake and saving the entire party he declined payment, asking only that the credit go to “the spirit of the plains.”",consistent,0.86875904
80,In Search of the Castaways,Kai-Koumou,,"At ten he began learning tactics, spear-craft and jungle tracking from his father; at twelve he pinned a sounder of wild boar with one spear and was proclaimed “Junior Champion.” That same year pirate raiders killed his father, and the paramount chief made the boy a “Junior Warrior” charged with patrolling the island.",consistent,0.95021874
28,In Search of the Castaways,Tom Ayrton/Ben Joyce,,"The mate of the merchant Emerald Bird took him on and taught him navigation; off the Cape the captain pocketed the cargo-insurance money and framed the mate, forcing Ayrton to give false testimony and first taste “legalised plunder.”",consistent,0.8397133
101,The Count of Monte Cristo,Noirtier,Early Life and Political Awakening,"At eighteen he joined a radical republican cell, speaking in cafés and back-room meetings for the revolutionary cause.",contradict,0.5290935
91,The Count of Monte Cristo,Noirtier,A Double Life in the Napoleonic Era,"Working directly for Fouché, he organised the assassination of royalist deputies while posing as a Ministry of Justice official; the arsenic phial still lies in a hidden drawer of his study desk.",contradict,0.9221976
24,In Search of the Castaways,Jacques Paganel,,"He proposed a South-American trade route to the naval board, was transferred to London and recommended for a berth on Captain Grant’s new ship Brittany.",consistent,0.93869066
119,The Count of Monte Cristo,Faria,Life in Captivity Before Château d'If,"First confined in Fenestrella Fortress, he scratched “On Ancient Mediterranean Routes” into limestone with a nail; the warden later plagiarised the essay.",consistent,0.5686309
93,The Count of Monte Cristo,Noirtier,The Fatal Decision of the Hundred Days,"He secretly raised the “Southern Army” in Marseille for Napoleon but left traceable evidence—copies of the ciphered letters hidden inside oak barrels in his own vineyard, later unearthed by Villefort.",contradict,0.93064183
72,In Search of the Castaways,Kai-Koumou,,"He trained twelve English-speaking youths as spies, sent them into Auckland; two became servants who secretly watched Glenarvan.",consistent,0.75920904
16,In Search of the Castaways,Jacques Paganel,,"Born in Calcutta to a British merchant family, his father kept the accounts for the East India Company and his mother was a French nurse.",consistent,0.8630664
30,In Search of the Castaways,Tom Ayrton/Ben Joyce,,"He joined the Indian-Ocean pirate crew Black Tide and, thanks to his sailing skill, became second mate within three years; while looting an East-Indiaman he found among the prisoners the colonial officer who had framed his father and personally cut the man’s throat, earning the pirate nickname “Blood Raven.”",contradict,0.8458593
97,The Count of Monte Cristo,Noirtier,Resolution of Original Issues,**Poison Mastery**: Knowledge gathered while experimenting on prisoners let him recognise Barrois’ symptoms instantly (Book II of the original novel).,contradict,0.99490744
22,In Search of the Castaways,Jacques Paganel,,"He secretly helped anti-colonial groups ferry medicine and supplies to civilians, adopted the creed of “quiet chivalry for the weak,” and came into possession of Spanish-American rebel correspondence that sharpened his knowledge of Southern-Hemisphere geography.",consistent,0.9945707
53,In Search of the Castaways,Thalcave,,"While gentling Thaouka they plunged off a cliff; badly hurt, he chewed herbs to staunch the bleeding and survived, forging with the horse a bond deeper than master and beast.",contradict,0.53000647
58,In Search of the Castaways,Thalcave,,"The mission priest taught him Quechua, Spanish and French, showed him European maps, the stars and the arithmetic of navigation.",consistent,0.95747805
81,In Search of the Castaways,Kai-Koumou,,"When he was fourteen a whaling crew coveted the island’s spring and set fire to threaten the village; as squad leader he slipped aboard at night, smashed their launches and drove them off. A captured Spanish sailor, impressed by his ferocity, secretly taught him scraps of Spanish slang.",consistent,0.8653885
47,In Search of the Castaways,Thalcave,,"Colonists killed his father for refusing to reveal migration routes, and the thirteen-year-old fled alone, carrying his father’s silver horse-gear.",consistent,0.96591437
7,In Search of the Castaways,Jacques Paganel,,"Leading a scientific party he insisted on travelling light, leaving the team short of supplies; he watched three members die of malaria and thereafter kept a bulging backpack wherever he went.",consistent,0.9631696
121,The Count of Monte Cristo,Faria,Life in Captivity Before Château d'If,"Aboard the prison transport he met Edmond Dantès’ father, heard tales of the merchant Pharaon and thus gained the first thread that later let him recognise the young sailor.",contradict,0.9721871
129,The Count of Monte Cristo,Faria,The Origin of the Key Artifact,"He learnt to carve fish-bone pen-nibs from an old Macao watchmaker, letting him pursue scholarship without proper tools.",consistent,0.8237038
51,In Search of the Castaways,Thalcave,,"Horse-thieves attacked; the old shepherd died shielding Thalcave, and with his last breath begged the youth to “stand between civilisation and the wild.”",contradict,0.74416244
127,The Count of Monte Cristo,Faria,The Formation of Spiritual Traits,"During twenty years in one cell he kept his wits by calculating Mediterranean tides, an exercise that later let him predict guards’ rounds in the original story.",consistent,0.64586765
133,The Count of Monte Cristo,Faria,Early Life and Academic Achievements,University lectures on Enlightenment science convinced him that religion and reason could be fused into one worldview.,consistent,0.97600526
52,In Search of the Castaways,Thalcave,,On the Patagonian frontier he trapped a wary black stallion named Thaouka and spent three months taming it with ancient Tehuelche methods.,consistent,0.84262305
114,The Count of Monte Cristo,Faria,Early Academic Background,"At twelve he entered Bologna University, read theology and chemistry, and caused a stir by decoding ciphers in a fifteenth-century alchemist’s notebook.",contradict,0.6069755
2,In Search of the Castaways,Jacques Paganel,,"Caught secretly studying Latin in the church school, he was made to stand as punishment, yet the episode let him befriend a Spanish-speaking caretaker and pick up basic Spanish while helping the man compose letters.",consistent,0.93729043
33,In Search of the Castaways,Tom Ayrton/Ben Joyce,,He volunteered for Captain Grant’s crew chiefly to spy on the colonisation schemes backed by Scottish nobles.,consistent,0.678189
15,In Search of the Castaways,Jacques Paganel,,Calm before cannibals: his Amazon years taught him to gauge a tribe’s degree of civilization by studying the bone ornaments they wore.,consistent,0.952958
82,In Search of the Castaways,Kai-Koumou,,"Captured at sixteen, he gnawed fish-bones to stay alive during months of imprisonment; on escape he inspired fellow captives by chewing burnt bone ash, then sneaked into a British merchant’s cabin, stole torn pages of an English dictionary and pieced together enough words for rough conversation.",contradict,0.8540039
37,In Search of the Castaways,Tom Ayrton/Ben Joyce,,"Tom Ayrton was born near Exeter to a fisherman father, retired naval petty-officer James Ayrton; his mother died young and he was reared by his elder brother Benjamin, learning tides and wind signs on fishing trips while secretly studying the Nautical Almanac and dreaming of “conquering the seas.”",contradict,0.79224604
3,In Search of the Castaways,Jacques Paganel,,"After his mother died he quarrelled with his father and left home, carrying the Polynesian nautical charts she had bequeathed to him.",consistent,0.99330926
103,The Count of Monte Cristo,Noirtier,Involvement and Turning Point in the French Revolution,As Napoleon climbed toward dictatorship Noirtier distanced himself from former comrades and grew wary of power’s corruption.,contradict,0.7081946
94,The Count of Monte Cristo,Noirtier,The Fatal Decision of the Hundred Days,To treat worsening hand tremors he allowed his private doctor to test a new sedative on political prisoners; the secret gave him leverage over enemies even after paralysis set in.,contradict,0.7455986
85,In Search of the Castaways,Kai-Koumou,,"Hearing that foreigners sought the missing captain’s daughter and would pay richly for her return, he volunteered to lead the pursuit.",consistent,0.8910613
21,In Search of the Castaways,Jacques Paganel,,"The Royal Navy frigate HMS Austin, bound for Australia and New Zealand under Lieutenant Grant, quietly promoted the sympathetic young sailor to ship’s assistant.",contradict,0.82076395
49,In Search of the Castaways,Thalcave,,"For two years he lived solo in the Andean border wilds, tempering an ice-cold nerve by trailing pumas and dodging bandits.",consistent,0.8852604
140,The Count of Monte Cristo,Faria,Addendum to Character Relationships,Friendships forged in secret cells and exile sustained him through the long years of imprisonment and seclusion.,consistent,0.95038754
64,In Search of the Castaways,Thalcave,,South-latitude incident: off the Chilean coast he ferried water and provisions to a burning barque and fished a sailor from the sea during a squall.,contradict,0.6818086
131,The Count of Monte Cristo,Faria,Early Life and Academic Achievements,"Born in 1760 to a declining Italian noble house, he devoured the family library and startled tutors with his memory.",contradict,0.54670095
61,In Search of the Castaways,Thalcave,,"Slave-raiders seized his little sister Nawee; too young to save her, he swore ever after to help anyone in distress.",consistent,0.7427938
86,In Search of the Castaways,Kai-Koumou,,"At first Glenarvan found him haughty and cold, yet observed that the man valued life and kept his word; though words were few, a fragile trust grew between them during their stand-off.",consistent,0.7538129
38,In Search of the Castaways,Tom Ayrton/Ben Joyce,,His quick temper and refusal to accept unjust punishment led to repeated discipline and growing disillusion; during a storm on a convoy run he insisted on saving people but was reprimanded for “disrupting military order.”,consistent,0.9767734
132,The Count of Monte Cristo,Faria,Early Life and Academic Achievements,"By eighteen he was a star student at Rome University, fluent in several languages and already publishing notes on history and natural philosophy.",consistent,0.79937893
77,In Search of the Castaways,Kai-Koumou,,"As a boy he was rescued by British biologist Wallace, who left behind a bird-of-paradise picture book that, twenty years later, convinced him Glenarvan was linked to the naturalist.",consistent,0.96019596
70,In Search of the Castaways,Kai-Koumou,,"At twenty-two he earned the chieftainship by surviving seven days and nights alone on the crater’s rim, bringing back a sulphur-crusted sacred stone; the same year he married white princess Julia of the west-coast tribe, executed her with an obsidian knife when he found her passing information to British missionaries and thereafter banned any white marriage.",consistent,0.9907087
115,The Count of Monte Cristo,Faria,Early Academic Background,"As a Jesuit novice he was sent to Goa, secretly read the old Indian medical text Charaka Samhita and laid the groundwork for his later toxicology expertise.",consistent,0.96389747
78,In Search of the Castaways,Kai-Koumou,,"His father guarded the island’s paramount chief; his mother, a princess from a neighbouring island, came in marriage to seal an alliance. At five he saw her assassinated in inter-tribal strife; to stop further unrest his father ordered the murderer’s entire clan executed, and the child never forgot the sound of flesh stripped from bone.",consistent,0.9982078
87,The Count of Monte Cristo,Noirtier,Political Awakening in Youth,**Family Trauma**: His father was guillotined in 1792 for hiding exiled aristocrats; watching the blade fall left him with chronic hand tremors and lifelong revulsion for the old regime.,contradict,0.9629262
75,In Search of the Castaways,Kai-Koumou,,"He had an extraordinary memory for geographical knowledge, and could determine the location of shipwrecks by observing tidal changes. He viewd volcanic eruptions as divine punishment against colonizers.",consistent,0.9706053
44,In Search of the Castaways,Tom Ayrton/Ben Joyce,,Solitude brought pride and remorse to the surface; again and again his diary confessed both self-loathing for the betrayal and relief that no one knew the truth.,consistent,0.9840096
